cellid,precipitation_m3
9394,1.7394817e+09
9550,5.679445e+09
9551,5.052039e+09
9552,3.716732e+09
9553,2.3742784e+09
9554,1.4901674e+09
9555,1.0930428e+09
9556,1.3335773e+09
9557,1.4240214e+09
9558,1.2453414e+09
9559,1.5882189e+09
9560,2.1116297e+09
9561,2.0776913e+09
9562,2.2266342e+09
9563,1.7796063e+09
9564,1.5560695e+09
9565,1.7770437e+09
9566,2.0807881e+09
9567,2.059887e+09
9568,1.2638522e+09
9569,9.2002266e+08
9570,8.715723e+08
9571,8.116449e+08
9572,8.2525024e+08
9573,8.657616e+08
9574,8.630262e+08
9575,1.02969376e+09
9576,9.0282586e+08
9577,8.3756794e+08
9578,8.879733e+08
9579,9.141329e+08
9580,9.136627e+08
9581,9.3804064e+08
9582,9.92421e+08
9583,9.6738995e+08
9584,9.778964e+08
9585,9.591651e+08
9586,1.0292633e+09
9587,1.042103e+09
9588,1.1005772e+09
9589,1.1772339e+09
9590,1.2129536e+09
9591,1.2364099e+09
9592,1.2770337e+09
9593,1.2875154e+09
9594,1.2581549e+09
9595,1.2627603e+09
9596,1.2271459e+09
9597,1.1763635e+09
9598,1.2740672e+09
9599,1.3156274e+09
9600,1.3863745e+09
9601,1.4632972e+09
9602,1.5016851e+09
9603,1.4752536e+09
9604,1.5503615e+09
9605,1.5513244e+09
9606,1.6417752e+09
9755,4.1987502e+09
9756,4.4943683e+09
9757,3.6003103e+09
9760,4.3255004e+09
9761,5.1245384e+09
9762,3.9855199e+09
9763,2.2155546e+09
9764,1.1669947e+09
9765,8.300927e+08
9766,9.2883437e+08
9767,1.0026893e+09
9768,1.1481558e+09
9769,1.305967e+09
9770,1.6957289e+09
9771,2.2489633e+09
9772,2.927321e+09
9773,2.1889823e+09
9774,1.5499508e+09
9775,1.3829774e+09
9776,1.859582e+09
9777,2.23223e+09
9778,1.6623013e+09
9779,1.1748929e+09
9780,8.27041e+08
9781,9.021992e+08
9782,8.697102e+08
9783,8.9035245e+08
9784,9.275441e+08
9785,1.0496253e+09
9786,1.1052319e+09
9787,1.07152096e+09
9788,9.870715e+08
9789,9.466527e+08
9790,9.72393e+08
9791,9.167855e+08
9792,9.1605696e+08
9793,9.5402643e+08
9794,9.750103e+08
9795,9.865102e+08
9796,9.561071e+08
9797,1.0329829e+09
9798,1.0985115e+09
9799,1.0929193e+09
9800,1.1166977e+09
9801,1.249714e+09
9802,1.3351788e+09
9803,1.3308457e+09
9804,1.3193229e+09
9805,1.3161341e+09
9806,1.3002418e+09
9807,1.2510267e+09
9808,1.3428209e+09
9809,1.3740969e+09
9810,1.3903126e+09
9811,1.4503711e+09
9812,1.500749e+09
9813,1.5093923e+09
9814,1.57354e+09
9815,1.5865258e+09
9816,1.6484614e+09
9817,1.6537155e+09
9818,1.6628567e+09
9819,1.7017876e+09
9820,1.6903219e+09
9822,1.7074908e+09
9966,5.4783954e+09
9967,5.5350927e+09
9968,3.6969718e+09
9970,3.5606746e+09
9971,4.7784653e+09
9972,3.3040102e+09
9973,1.544473e+09
9974,8.795712e+08
9975,7.074956e+08
9976,6.5370374e+08
9977,8.190561e+08
9978,9.518194e+08
9979,1.1897728e+09
9980,1.5586529e+09
9981,1.9842735e+09
9982,2.4070226e+09
9983,2.1337752e+09
9984,1.7489635e+09
9985,1.2105833e+09
9986,1.9361848e+09
9987,2.2487657e+09
9988,1.6853531e+09
9989,1.2078126e+09
9990,8.641557e+08
9991,9.9695514e+08
9992,1.06993114e+09
9993,1.1919884e+09
9994,1.1033412e+09
9995,1.0669107e+09
9996,1.0535705e+09
9997,9.699965e+08
9998,9.5285184e+08
9999,9.8858714e+08
10000,9.937237e+08
10001,9.291298e+08
10002,9.488667e+08
10003,9.6614394e+08
10004,9.6035226e+08
10005,9.537462e+08
10006,1.0003813e+09
10007,1.0732488e+09
10008,1.1481315e+09
10009,1.1644573e+09
10010,1.2007279e+09
10011,1.2217775e+09
10012,1.2456626e+09
10013,1.3405914e+09
10014,1.4271722e+09
10015,1.3734007e+09
10016,1.3642472e+09
10017,1.3455121e+09
10018,1.401028e+09
10019,1.4247878e+09
10020,1.4475589e+09
10021,1.4984147e+09
10022,1.5512817e+09
10023,1.5658676e+09
10024,1.5686447e+09
10025,1.5875892e+09
10026,1.6196393e+09
10027,1.6637955e+09
10028,1.6942369e+09
10029,1.6838616e+09
10030,1.7094548e+09
10031,1.7213399e+09
10177,3.6263183e+09
10178,3.082012e+09
10179,3.1131387e+09
10180,4.419845e+09
10181,3.5305964e+09
10182,1.9184214e+09
10183,1.1164079e+09
10184,6.830147e+08
10185,5.250518e+08
10186,5.8082765e+08
10187,7.564823e+08
10188,9.1468397e+08
10189,1.15981e+09
10190,1.6224772e+09
10191,2.344443e+09
10192,2.8684076e+09
10193,2.6250826e+09
10194,2.079929e+09
10195,1.5500687e+09
10196,1.5311153e+09
10197,1.306529e+09
10198,1.2809745e+09
10199,1.3795461e+09
10200,9.559577e+08
10201,1.3460125e+09
10202,1.516163e+09
10203,1.7566465e+09
10204,1.3212054e+09
10205,1.3151203e+09
10206,1.3222751e+09
10207,1.0594728e+09
10208,9.701489e+08
10209,9.662363e+08
10210,9.77924e+08
10211,9.430559e+08
10212,9.4641894e+08
10213,9.515806e+08
10214,9.412104e+08
10215,9.4391565e+08
10216,1.1235675e+09
10217,1.064255e+09
10218,1.1330683e+09
10219,1.1774964e+09
10220,1.2374036e+09
10221,1.2811547e+09
10222,1.2893999e+09
10223,1.29758e+09
10224,1.3362664e+09
10225,1.3381254e+09
10226,1.4248824e+09
10227,1.3913377e+09
10228,1.477185e+09
10229,1.4409056e+09
10230,1.4670209e+09
10231,1.5192841e+09
10232,1.5858317e+09
10233,1.5884966e+09
10234,1.586271e+09
10235,1.6325848e+09
10236,1.6989066e+09
10237,1.7222491e+09
10238,1.7261574e+09
10239,1.7752663e+09
10240,1.8403081e+09
10247,1.8135025e+09
10285,2.5933676e+09
10286,2.425799e+09
10287,2.5960064e+09
10288,2.580509e+09
10387,3.9869852e+09
10388,3.0237686e+09
10389,3.7591473e+09
10390,4.702568e+09
10391,3.8025078e+09
10392,1.9336134e+09
10393,8.3222394e+08
10394,6.5714656e+08
10395,5.2681146e+08
10396,5.638117e+08
10397,7.80911e+08
10398,8.850238e+08
10399,1.2253256e+09
10400,1.1980337e+09
10401,1.6300471e+09
10402,2.2840602e+09
10403,3.1919532e+09
10404,2.8951035e+09
10405,2.2903153e+09
10406,1.3558501e+09
10407,1.4995415e+09
10408,1.2053783e+09
10409,1.3606935e+09
10410,1.2563978e+09
10411,1.1565651e+09
10412,1.07213677e+09
10413,1.198048e+09
10414,1.01396435e+09
10415,8.371536e+08
10416,9.1118176e+08
10417,9.6786394e+08
10418,9.991297e+08
10419,9.282721e+08
10420,8.593569e+08
10421,8.6627974e+08
10422,9.048552e+08
10423,9.1481197e+08
10424,1.0644274e+09
10425,1.03575245e+09
10426,1.0557338e+09
10427,1.0592833e+09
10428,1.1359575e+09
10429,1.1929418e+09
10430,1.2634705e+09
10431,1.2900986e+09
10432,1.3199844e+09
10433,1.3021642e+09
10434,1.3729285e+09
10435,1.3548561e+09
10436,1.4373668e+09
10437,1.4198287e+09
10438,1.4984576e+09
10439,1.5046554e+09
10440,1.5784129e+09
10441,1.5819715e+09
10442,1.616556e+09
10443,1.6226611e+09
10444,1.6468069e+09
10445,1.6880678e+09
10446,1.6921856e+09
10447,1.7507675e+09
10448,1.7750313e+09
10449,1.7580266e+09
10450,1.7869606e+09
10451,1.880646e+09
10452,1.8738574e+09
10454,2.1472995e+09
10455,2.0550894e+09
10456,1.9678106e+09
10457,1.9452676e+09
10458,2.0309751e+09
10459,1.8865627e+09
10462,1.9787588e+09
10463,1.971435e+09
10495,2.489581e+09
10496,2.539929e+09
10497,2.5077686e+09
10498,2.6042734e+09
10597,3.2766953e+09
10598,3.039977e+09
10599,5.1895117e+09
10600,4.927826e+09
10601,2.770994e+09
10602,1.5631347e+09
10603,1.0947494e+09
10604,5.982471e+08
10605,5.0195638e+08
10606,6.388627e+08
10607,8.8409696e+08
10608,1.91273e+09
10609,1.6182995e+09
10610,1.2626751e+09
10611,1.5464792e+09
10612,1.8366015e+09
10613,2.578623e+09
10614,2.3930573e+09
10615,1.9645879e+09
10616,1.6140003e+09
10617,1.5379469e+09
10618,1.513263e+09
10619,1.1687789e+09
10620,1.0844292e+09
10621,8.543137e+08
10622,1.2791037e+09
10623,1.289513e+09
10624,1.2819693e+09
10625,9.49879e+08
10626,1.1249151e+09
10627,8.958344e+08
10628,9.306908e+08
10629,9.3680006e+08
10630,1.0245274e+09
10631,1.04039725e+09
10632,9.884077e+08
10633,1.00710464e+09
10634,1.0134821e+09
10635,1.1381869e+09
10636,1.0945485e+09
10637,1.1142107e+09
10638,1.1477339e+09
10639,1.2029423e+09
10640,1.2492077e+09
10641,1.25041e+09
10642,1.3040503e+09
10643,1.2866179e+09
10644,1.293348e+09
10645,1.3272852e+09
10646,1.4087397e+09
10647,1.4321393e+09
10648,1.4726639e+09
10649,1.5264733e+09
10650,1.5978543e+09
10651,1.6240346e+09
10652,1.6663476e+09
10653,1.705735e+09
10654,1.724829e+09
10655,1.723274e+09
10656,1.7890478e+09
10657,1.8401925e+09
10658,1.7900416e+09
10659,1.8250139e+09
10660,1.854464e+09
10661,1.9301562e+09
10662,2.0227753e+09
10663,1.9496927e+09
10664,1.8687552e+09
10665,1.9090941e+09
10666,1.834903e+09
10667,1.8131927e+09
10668,1.77642e+09
10669,1.8247141e+09
10670,1.8225306e+09
10671,1.8109955e+09
10704,2.6834575e+09
10705,2.472626e+09
10706,2.7705341e+09
10707,2.7772047e+09
10708,2.629119e+09
10807,3.74758e+09
10808,2.8756242e+09
10809,3.6662953e+09
10810,4.8119977e+09
10811,2.733829e+09
10812,1.342006e+09
10813,1.0259957e+09
10814,7.788125e+08
10815,9.222421e+08
10816,1.1267002e+09
10817,1.6918007e+09
10818,1.9211731e+09
10819,2.0760036e+09
10820,1.8477183e+09
10821,1.792496e+09
10822,2.0724737e+09
10823,2.2056742e+09
10824,1.8309092e+09
10825,1.5711278e+09
10826,1.5074596e+09
10827,1.4713272e+09
10828,1.2970127e+09
10829,8.629992e+08
10830,1.108904e+09
10831,1.5234788e+09
10832,2.018207e+09
10833,1.6318693e+09
10834,1.882887e+09
10835,1.7065609e+09
10836,1.167746e+09
10837,1.4054656e+09
10838,1.2123414e+09
10839,1.0543383e+09
10840,1.2256631e+09
10841,1.0565516e+09
10842,1.0567109e+09
10843,1.0706523e+09
10844,1.0551619e+09
10845,1.1362278e+09
10846,1.1622948e+09
10847,1.1362454e+09
10848,1.1659068e+09
10849,1.186951e+09
10850,1.21905e+09
10851,1.244443e+09
10852,1.2715276e+09
10853,1.2602079e+09
10854,1.2952612e+09
10855,1.3685158e+09
10856,1.3930501e+09
10857,1.4399185e+09
10858,1.4430349e+09
10859,1.5596909e+09
10860,1.627128e+09
10861,1.5674321e+09
10862,1.6967163e+09
10863,1.710867e+09
10864,1.7359227e+09
10865,1.7509574e+09
10866,1.7760905e+09
10867,1.8281055e+09
10868,1.8552714e+09
10869,1.8880892e+09
10870,1.9301567e+09
10871,2.021431e+09
10872,1.9820056e+09
10873,2.0514214e+09
10874,2.000837e+09
10875,1.8566721e+09
10876,1.8583619e+09
10877,1.8529101e+09
10878,1.8144273e+09
10879,1.9383832e+09
10885,1.9504026e+09
10913,2.6250557e+09
10914,2.477362e+09
10915,2.6546854e+09
10916,2.8918113e+09
10917,2.5697126e+09
10918,2.6399565e+09
11017,3.2407808e+09
11018,2.4576788e+09
11019,4.1729935e+09
11020,3.6213606e+09
11021,1.7738994e+09
11022,9.7102656e+08
11023,9.646772e+08
11024,1.1041668e+09
11025,1.3639213e+09
11026,1.503682e+09
11027,1.9274449e+09
11028,1.6144662e+09
11029,1.5360271e+09
11030,1.7741458e+09
11031,1.9020588e+09
11032,2.1408545e+09
11033,2.00187e+09
11034,1.502401e+09
11035,1.4804881e+09
11036,1.3916876e+09
11037,1.1512572e+09
11038,1.0586155e+09
11039,1.0020268e+09
11040,1.408626e+09
11041,1.5877574e+09
11042,1.639705e+09
11043,1.6634598e+09
11044,1.8522913e+09
11045,2.1355465e+09
11046,1.112845e+09
11047,8.333957e+08
11048,1.4980506e+09
11049,1.7120982e+09
11050,1.0670158e+09
11051,1.0896228e+09
11052,1.091042e+09
11053,1.088158e+09
11054,1.1460867e+09
11055,1.1704051e+09
11056,1.0460407e+09
11057,1.1010924e+09
11058,1.1192783e+09
11059,1.1456329e+09
11060,1.1898771e+09
11061,1.2202931e+09
11062,1.2424545e+09
11063,1.2288152e+09
11064,1.2942044e+09
11065,1.3963396e+09
11066,1.46896e+09
11067,1.493567e+09
11068,1.4980815e+09
11069,1.5373471e+09
11070,1.6110208e+09
11071,1.7100842e+09
11072,1.6738388e+09
11073,1.8325347e+09
11074,1.8781546e+09
11075,1.9092831e+09
11076,1.9263279e+09
11077,1.9195889e+09
11078,1.9094162e+09
11079,1.9034186e+09
11080,1.9419488e+09
11081,1.9602938e+09
11082,2.069922e+09
11083,2.0858915e+09
11084,2.0477816e+09
11085,1.905771e+09
11086,1.898526e+09
11087,1.8439022e+09
11088,1.8060302e+09
11094,2.0845887e+09
11095,1.9923028e+09
11096,1.9350847e+09
11097,1.9603822e+09
11122,2.6812529e+09
11123,2.5766707e+09
11124,2.7409628e+09
11125,2.6641398e+09
11126,2.590679e+09
11127,2.584814e+09
11128,2.7276024e+09
11129,2.705773e+09
11227,3.1716447e+09
11228,2.7016735e+09
11229,4.6759127e+09
11230,3.683926e+09
11231,1.5722511e+09
11232,1.1586162e+09
11233,1.4710883e+09
11234,1.3125316e+09
11235,1.2836828e+09
11236,1.5462947e+09
11237,1.4316708e+09
11238,1.0909166e+09
11239,1.0346989e+09
11240,1.257597e+09
11241,1.5172261e+09
11242,2.210949e+09
11243,2.2886461e+09
11244,1.6926121e+09
11245,1.2800855e+09
11246,9.7285523e+08
11247,1.1999141e+09
11248,1.084434e+09
11249,1.1224247e+09
11250,1.2446053e+09
11251,1.661984e+09
11252,1.9038904e+09
11253,1.8855501e+09
11254,1.6838209e+09
11255,1.532529e+09
11256,1.1333633e+09
11257,7.251624e+08
11258,5.2137398e+08
11259,1.4717768e+09
11260,2.5004104e+09
11261,1.034214e+09
11262,1.04615955e+09
11263,1.170768e+09
11264,1.1548018e+09
11265,1.3459423e+09
11266,1.5480996e+09
11267,1.3472742e+09
11268,1.1030488e+09
11269,1.1656932e+09
11270,1.2013428e+09
11271,1.2534176e+09
11272,1.3301334e+09
11273,1.2894737e+09
11274,1.2968317e+09
11275,1.358979e+09
11276,1.4958661e+09
11277,1.5657074e+09
11278,1.5892522e+09
11279,1.6896061e+09
11280,1.6993327e+09
11281,1.8040653e+09
11282,1.824675e+09
11283,1.8526584e+09
11284,1.9130748e+09
11285,1.9758149e+09
11286,2.0199643e+09
11287,1.997296e+09
11288,2.0019928e+09
11289,1.9868733e+09
11290,2.011089e+09
11291,2.0574559e+09
11292,2.1165184e+09
11293,2.0510528e+09
11294,2.002501e+09
11295,1.9404476e+09
11296,1.9243439e+09
11297,1.899632e+09
11298,1.8831386e+09
11302,2.231452e+09
11303,2.1979305e+09
11304,2.019421e+09
11305,1.9670857e+09
11306,1.9990464e+09
11307,1.9842918e+09
11323,2.5628972e+09
11324,2.8326838e+09
11325,2.9344627e+09
11326,2.6975877e+09
11327,2.3688015e+09
11328,2.524807e+09
11329,2.8414533e+09
11330,2.532112e+09
11331,2.5762056e+09
11332,2.6332628e+09
11333,2.7346363e+09
11334,2.5955343e+09
11335,2.532044e+09
11336,2.6829396e+09
11337,2.6786824e+09
11436,3.3790449e+09
11437,3.1854057e+09
11438,3.0152159e+09
11439,4.1481577e+09
11440,3.546724e+09
11441,1.7578538e+09
11442,1.0954259e+09
11443,1.1564028e+09
11444,1.0464023e+09
11445,1.3430259e+09
11446,1.2573285e+09
11447,1.0599787e+09
11448,7.411976e+08
11449,5.857039e+08
11450,6.164418e+08
11451,1.0226249e+09
11452,1.7514845e+09
11453,2.064124e+09
11454,2.1307707e+09
11455,1.5588346e+09
11456,1.1293014e+09
11457,1.00756736e+09
11458,7.980771e+08
11459,6.161868e+08
11460,8.9465466e+08
11461,1.3238236e+09
11462,2.286187e+09
11463,2.2011139e+09
11464,2.2341158e+09
11465,1.5229249e+09
11466,1.4282883e+09
11467,7.5099904e+08
11468,7.723524e+08
11469,7.879683e+08
11470,1.4340092e+09
11471,1.167329e+09
11472,9.72413e+08
11473,1.0952925e+09
11474,1.0601504e+09
11475,1.0222554e+09
11476,1.5166079e+09
11477,2.0858345e+09
11478,1.2009591e+09
11479,1.157542e+09
11480,1.1616145e+09
11481,1.2262136e+09
11482,1.3158735e+09
11483,1.4262044e+09
11484,1.4625591e+09
11485,1.4198657e+09
11486,1.434309e+09
11487,1.604359e+09
11488,1.6402286e+09
11489,1.7262401e+09
11490,1.8555525e+09
11491,1.8488143e+09
11492,1.9024338e+09
11493,1.9491999e+09
11494,1.9862693e+09
11495,2.0309879e+09
11496,2.0781816e+09
11497,2.0720209e+09
11498,2.0754634e+09
11499,2.0575489e+09
11500,2.0683305e+09
11501,2.0836402e+09
11502,1.9967821e+09
11503,1.961822e+09
11504,1.9013478e+09
11505,1.9697166e+09
11506,1.9293807e+09
11507,1.8967297e+09
11508,1.9708324e+09
11512,2.2020608e+09
11513,2.207929e+09
11514,2.0113667e+09
11515,1.961169e+09
11516,1.9294756e+09
11532,2.6874555e+09
11533,2.959018e+09
11534,3.0552676e+09
11535,2.8485466e+09
11536,2.811154e+09
11537,2.6634575e+09
11538,2.4503424e+09
11539,2.6922412e+09
11540,2.4420134e+09
11541,2.9606208e+09
11542,2.7860244e+09
11543,2.4656704e+09
11544,2.5467866e+09
11646,3.010308e+09
11647,2.9940296e+09
11648,3.3426547e+09
11649,3.6212052e+09
11650,2.5545805e+09
11651,1.4437395e+09
11652,1.0848128e+09
11653,8.6072954e+08
11654,8.905965e+08
11655,8.552085e+08
11656,8.362155e+08
11657,8.207255e+08
11658,7.8992435e+08
11659,7.088344e+08
11660,6.725621e+08
11661,6.79387e+08
11662,1.0810874e+09
11663,1.5824124e+09
11664,1.5462666e+09
11665,1.1819105e+09
11666,1.0722918e+09
11667,9.124019e+08
11668,7.218653e+08
11669,7.571008e+08
11670,9.922435e+08
11671,1.7061599e+09
11672,2.1297308e+09
11673,1.9311418e+09
11674,1.8038676e+09
11675,1.1534513e+09
11676,8.899747e+08
11677,6.85788e+08
11678,8.6312646e+08
11679,1.05211283e+09
11680,1.2969604e+09
11681,9.193978e+08
11682,9.918338e+08
11683,9.70508e+08
11684,9.075198e+08
11685,9.9423744e+08
11686,1.0203553e+09
11687,1.3379146e+09
11688,1.2010038e+09
11689,1.1895858e+09
11690,1.3043199e+09
11691,1.3817933e+09
11692,1.4411968e+09
11693,1.4332897e+09
11694,1.4701555e+09
11695,1.562655e+09
11696,1.5642275e+09
11697,1.6433556e+09
11698,1.7173085e+09
11699,1.7643228e+09
11700,1.8567884e+09
11701,1.8864776e+09
11702,1.918599e+09
11703,1.9658638e+09
11704,2.0092303e+09
11705,2.1295066e+09
11706,2.1072869e+09
11707,2.1330107e+09
11708,2.090656e+09
11709,2.1169174e+09
11710,2.0737637e+09
11711,2.1018737e+09
11712,2.0386248e+09
11713,2.0718318e+09
11714,1.99843e+09
11715,2.0057636e+09
11716,2.0185618e+09
11717,1.9727991e+09
11718,2.0657724e+09
11722,2.2687698e+09
11723,2.2232637e+09
11724,2.0764566e+09
11725,2.0198446e+09
11726,2.0579756e+09
11727,2.1757402e+09
11728,2.0838074e+09
11742,3.3100357e+09
11743,3.4611556e+09
11744,3.2060639e+09
11745,3.0925107e+09
11746,2.7561283e+09
11747,2.501828e+09
11748,2.5502825e+09
11749,2.5197898e+09
11750,2.4719813e+09
11751,2.5943552e+09
11752,2.6766497e+09
11753,2.4797422e+09
11856,2.8614403e+09
11857,2.6059425e+09
11858,2.9481723e+09
11859,3.2689528e+09
11860,2.287808e+09
11861,1.3926976e+09
11862,1.0996342e+09
11863,9.4177926e+08
11864,8.0399674e+08
11865,7.991039e+08
11866,8.005704e+08
11867,1.0742688e+09
11868,7.5490643e+08
11869,7.0845805e+08
11870,1.0331006e+09
11871,8.207885e+08
11872,6.102713e+08
11873,7.3077325e+08
11874,7.904793e+08
11875,7.5194304e+08
11876,7.6662605e+08
11877,7.7933574e+08
11878,7.759178e+08
11879,9.426762e+08
11880,1.3098237e+09
11881,1.6680977e+09
11882,1.7140204e+09
11883,1.6459918e+09
11884,1.3975779e+09
11885,1.7990258e+09
11886,1.4698953e+09
11887,8.582076e+08
11888,7.508714e+08
11889,7.700943e+08
11890,9.285781e+08
11891,8.213694e+08
11892,9.4210554e+08
11893,9.789806e+08
11894,9.96002e+08
11895,1.1144315e+09
11896,1.1598483e+09
11897,1.173139e+09
11898,1.2273106e+09
11899,1.3108266e+09
11900,1.3367288e+09
11901,1.3377338e+09
11902,1.4080136e+09
11903,1.3910775e+09
11904,1.4475108e+09
11905,1.5507994e+09
11906,1.551381e+09
11907,1.6047681e+09
11908,1.6889171e+09
11909,1.7601523e+09
11910,1.8172899e+09
11911,1.9228915e+09
11912,1.9717391e+09
11913,2.0426885e+09
11914,2.0942138e+09
11915,2.1613745e+09
11916,2.11181e+09
11917,2.1656154e+09
11918,2.2116552e+09
11919,2.214454e+09
11920,2.2017236e+09
11921,2.193431e+09
11922,2.1639232e+09
11923,2.1828908e+09
11924,2.164489e+09
11925,2.1737528e+09
11926,2.1294711e+09
11927,2.093135e+09
11928,2.1522993e+09
11932,2.4400722e+09
11933,2.287229e+09
11934,2.1605084e+09
11935,2.1117007e+09
11936,2.1228536e+09
11937,2.1023002e+09
11938,2.1240801e+09
11947,2.404105e+09
11948,2.3397706e+09
11949,2.3541614e+09
11950,2.5205921e+09
11951,2.793649e+09
11952,3.0298798e+09
11953,3.1054687e+09
11954,3.0459123e+09
11955,2.8119788e+09
11956,2.8422351e+09
11957,2.4343813e+09
11958,2.8629847e+09
11959,2.5588004e+09
11960,2.6185418e+09
11961,2.505648e+09
11962,2.5620163e+09
12066,3.698236e+09
12067,2.5426836e+09
12068,2.0186792e+09
12069,2.3723133e+09
12070,2.0005695e+09
12071,1.2833614e+09
12072,1.6110511e+09
12073,1.188843e+09
12074,8.935769e+08
12075,8.6006234e+08
12076,8.8147616e+08
12077,7.334586e+08
12078,6.412115e+08
12079,8.124613e+08
12080,8.9618496e+08
12081,9.692286e+08
12082,8.1955366e+08
12083,7.714756e+08
12084,8.5884454e+08
12085,8.363815e+08
12086,9.590226e+08
12087,8.608718e+08
12088,1.0162887e+09
12089,1.3540183e+09
12090,1.3026491e+09
12091,1.627504e+09
12092,1.6375218e+09
12093,1.459979e+09
12094,7.940864e+08
12095,9.515662e+08
12096,1.1306748e+09
12097,9.335698e+08
12098,7.8720666e+08
12099,8.1509696e+08
12100,8.358828e+08
12101,9.840402e+08
12102,1.2666999e+09
12103,1.437326e+09
12104,1.0571463e+09
12105,1.0792465e+09
12106,1.1351094e+09
12107,1.256003e+09
12108,1.3134071e+09
12109,1.282778e+09
12110,1.3099186e+09
12111,1.4014363e+09
12112,1.4107867e+09
12113,1.4593417e+09
12114,1.5117742e+09
12115,1.5617531e+09
12116,1.6514486e+09
12117,1.7103732e+09
12118,1.7796068e+09
12119,1.9131284e+09
12120,1.9781879e+09
12121,1.9920861e+09
12122,2.0112031e+09
12123,2.0767329e+09
12124,2.2041216e+09
12125,2.2493622e+09
12126,2.2886195e+09
12127,2.27879e+09
12128,2.3043223e+09
12129,2.3322593e+09
12130,2.3607677e+09
12131,2.4058365e+09
12132,2.341812e+09
12133,2.2909765e+09
12134,2.3197023e+09
12135,2.3220634e+09
12136,2.2521682e+09
12137,2.2671296e+09
12138,2.2558438e+09
12142,2.5351e+09
12143,2.432871e+09
12144,2.306073e+09
12145,2.1915338e+09
12146,2.1603566e+09
12147,2.1438106e+09
12156,2.9595343e+09
12157,2.9354627e+09
12158,2.4987464e+09
12159,2.4566497e+09
12160,2.3963162e+09
12161,2.5321738e+09
12162,2.736888e+09
12163,2.6469097e+09
12164,2.605501e+09
12165,2.5661115e+09
12166,2.8217828e+09
12167,2.5352517e+09
12168,3.2734543e+09
12169,2.6061484e+09
12170,2.644177e+09
12171,2.4730284e+09
12172,2.7002527e+09
12276,4.2852959e+09
12277,3.1747945e+09
12278,2.3537644e+09
12279,1.789321e+09
12280,1.3086714e+09
12281,1.1167039e+09
12282,1.3081112e+09
12283,1.5180598e+09
12284,1.0820244e+09
12285,7.823349e+08
12286,8.04015e+08
12287,8.382754e+08
12288,9.329823e+08
12289,7.735476e+08
12290,8.3247014e+08
12291,8.376898e+08
12292,1.152259e+09
12293,1.1436914e+09
12294,1.15269e+09
12295,1.014342e+09
12296,1.1052319e+09
12297,1.1194669e+09
12298,7.516457e+08
12299,1.0580166e+09
12300,1.1453804e+09
12301,1.6114024e+09
12302,1.0787212e+09
12303,1.0616761e+09
12304,6.460945e+08
12305,7.1102317e+08
12306,7.311677e+08
12307,6.409732e+08
12308,6.3177504e+08
12309,7.236088e+08
12310,7.924679e+08
12311,9.163468e+08
12312,8.1675066e+08
12313,1.2509373e+09
12314,1.1250322e+09
12315,1.1016818e+09
12316,9.631015e+08
12317,1.100414e+09
12318,1.1675872e+09
12319,1.22808e+09
12320,1.3075022e+09
12321,1.3569911e+09
12322,1.4210779e+09
12323,1.457894e+09
12324,1.5235485e+09
12325,1.562211e+09
12326,1.6178314e+09
12327,1.6955351e+09
12328,1.8007482e+09
12329,1.8515425e+09
12330,1.9486268e+09
12331,2.10396e+09
12332,2.0159628e+09
12333,2.1363898e+09
12334,2.2305628e+09
12335,2.297121e+09
12336,2.321381e+09
12337,2.3642179e+09
12338,2.4174643e+09
12339,2.40376e+09
12340,2.4435346e+09
12341,2.4714401e+09
12342,2.4560387e+09
12343,2.4445696e+09
12344,2.4704384e+09
12345,2.4168899e+09
12346,2.357192e+09
12347,2.4030587e+09
12348,2.3314545e+09
12352,2.5867707e+09
12353,2.4406152e+09
12354,2.3038006e+09
12355,2.294094e+09
12356,2.1558346e+09
12357,2.1256461e+09
12364,3.195917e+09
12365,3.2593997e+09
12366,2.8615265e+09
12367,2.6404265e+09
12368,2.461643e+09
12369,2.2801958e+09
12370,2.202063e+09
12371,2.2859003e+09
12372,2.4026516e+09
12373,2.638397e+09
12374,2.7196864e+09
12375,3.0960556e+09
12376,2.7766436e+09
12377,2.4865708e+09
12378,3.049075e+09
12379,2.5702326e+09
12380,2.768294e+09
12381,2.6274186e+09
12382,2.6496353e+09
12487,3.3463222e+09
12488,2.3019937e+09
12489,2.0782176e+09
12490,2.5830316e+09
12491,1.5696634e+09
12492,1.195538e+09
12493,1.2213722e+09
12494,1.0977969e+09
12495,8.342296e+08
12496,7.6618835e+08
12497,6.374766e+08
12498,6.702271e+08
12499,8.075394e+08
12500,7.532198e+08
12501,9.775611e+08
12502,1.2022467e+09
12503,9.0103936e+08
12504,7.632926e+08
12505,6.932909e+08
12506,6.865959e+08
12507,5.623356e+08
12508,6.5177856e+08
12509,9.647631e+08
12510,1.3404447e+09
12511,1.677496e+09
12512,1.03807974e+09
12513,7.671299e+08
12514,6.5894784e+08
12515,6.9065414e+08
12516,7.8130784e+08
12517,7.1519386e+08
12518,7.984341e+08
12519,9.3618394e+08
12520,1.06772346e+09
12521,1.366965e+09
12522,1.4430938e+09
12523,1.07208294e+09
12524,1.3388671e+09
12525,1.2178235e+09
12526,1.2788015e+09
12527,1.2630052e+09
12528,1.2170444e+09
12529,1.2067201e+09
12530,1.2532376e+09
12531,1.3980474e+09
12532,1.4520269e+09
12533,1.5540326e+09
12534,1.6313348e+09
12535,1.6731905e+09
12536,1.695737e+09
12537,1.7513801e+09
12538,1.8468393e+09
12539,1.8185932e+09
12540,1.9495377e+09
12541,2.0308353e+09
12542,2.0995104e+09
12543,2.1933857e+09
12544,2.1882086e+09
12545,2.2409254e+09
12546,2.2190945e+09
12547,2.2728868e+09
12548,2.3475645e+09
12549,2.3859118e+09
12550,2.3795779e+09
12551,2.3972997e+09
12552,2.3664136e+09
12553,2.3813873e+09
12554,2.3451256e+09
12555,2.4183316e+09
12556,2.3838423e+09
12557,2.393819e+09
12558,2.4685934e+09
12559,2.4973494e+09
12560,2.563629e+09
12561,2.5470538e+09
12562,2.4659756e+09
12563,2.4100682e+09
12564,2.355654e+09
12565,2.2114688e+09
12566,2.2020884e+09
12567,2.2176202e+09
12571,2.7921137e+09
12572,2.9269463e+09
12573,2.8881912e+09
12574,3.0154378e+09
12575,2.962718e+09
12576,2.914442e+09
12577,2.7292134e+09
12578,2.5060042e+09
12579,2.5393505e+09
12580,2.6001966e+09
12581,2.714443e+09
12582,2.301864e+09
12583,2.4070764e+09
12584,2.5756068e+09
12585,2.665044e+09
12586,2.688143e+09
12587,2.8108972e+09
12588,2.7131208e+09
12589,2.7240102e+09
12590,2.7805972e+09
12696,3.2904558e+09
12697,3.2116995e+09
12698,2.6255852e+09
12699,3.3937114e+09
12700,2.9343455e+09
12701,1.8514738e+09
12702,1.3381315e+09
12703,1.2670458e+09
12704,1.0831977e+09
12705,7.9593075e+08
12706,4.695001e+08
12707,6.2001875e+08
12708,6.571874e+08
12709,7.256156e+08
12710,6.926806e+08
12711,8.3363315e+08
12712,8.505677e+08
12713,8.443801e+08
12714,7.7326784e+08
12715,7.2682106e+08
12716,5.4555974e+08
12717,5.3277578e+08
12718,6.00112e+08
12719,9.2232416e+08
12720,1.1540132e+09
12721,1.7119648e+09
12722,1.4301784e+09
12723,1.941386e+09
12724,1.6429014e+09
12725,1.1912948e+09
12726,8.810493e+08
12727,7.8091437e+08
12728,8.001563e+08
12729,1.2235553e+09
12730,1.8378019e+09
12731,1.4096867e+09
12732,1.1573491e+09
12733,1.3288283e+09
12734,1.2440774e+09
12735,1.1092224e+09
12736,1.1268785e+09
12737,1.1274945e+09
12738,1.1620673e+09
12739,1.1721457e+09
12740,1.273907e+09
12741,1.3519548e+09
12742,1.4484333e+09
12743,1.5604663e+09
12744,1.6083287e+09
12745,1.615222e+09
12746,1.7157989e+09
12747,1.7415386e+09
12748,1.82504e+09
12749,1.864652e+09
12750,1.911778e+09
12751,1.9707493e+09
12752,2.192429e+09
12753,2.2363748e+09
12754,2.228597e+09
12755,2.2290015e+09
12756,2.241579e+09
12757,2.2929265e+09
12758,2.319479e+09
12759,2.3278254e+09
12760,2.3498852e+09
12761,2.4188111e+09
12762,2.3615314e+09
12763,2.4331569e+09
12764,2.449008e+09
12765,2.406505e+09
12766,2.390334e+09
12767,2.417887e+09
12768,2.429953e+09
12769,2.4798638e+09
12770,2.5061668e+09
12771,2.505777e+09
12772,2.463356e+09
12773,2.4066998e+09
12774,2.375564e+09
12775,2.37229e+09
12776,2.3361472e+09
12777,2.4170043e+09
12778,2.38213e+09
12779,2.484262e+09
12780,2.4860751e+09
12781,2.5659917e+09
12782,2.6298424e+09
12783,2.714002e+09
12784,2.9892897e+09
12785,3.0356618e+09
12786,2.9568381e+09
12787,2.7421724e+09
12788,2.610102e+09
12789,2.6527887e+09
12790,2.6616507e+09
12791,2.4970204e+09
12792,2.6669678e+09
12793,2.8418253e+09
12794,2.6486738e+09
12795,2.822183e+09
12796,2.7014372e+09
12906,2.8800755e+09
12907,2.7490412e+09
12908,1.969596e+09
12909,2.7708204e+09
12910,1.9156684e+09
12911,2.6066394e+09
12912,1.8122715e+09
12913,1.1602287e+09
12914,7.971758e+08
12915,6.491701e+08
12916,6.4852845e+08
12917,6.110711e+08
12918,7.0935206e+08
12919,7.387549e+08
12920,7.3327904e+08
12921,7.533673e+08
12922,9.164939e+08
12923,1.1053649e+09
12924,8.4496877e+08
12925,6.8045875e+08
12926,5.22203e+08
12927,4.599158e+08
12928,6.545396e+08
12929,1.0512764e+09
12930,1.1130756e+09
12931,1.7391421e+09
12932,1.4926469e+09
12933,1.3848143e+09
12934,1.0160397e+09
12935,7.683563e+08
12936,8.501278e+08
12937,8.855167e+08
12938,9.685864e+08
12939,1.1385969e+09
12940,1.4826734e+09
12941,1.6676602e+09
12942,1.6265901e+09
12943,2.1970445e+09
12944,1.2046426e+09
12945,1.00286637e+09
12946,1.0182498e+09
12947,1.0961709e+09
12948,1.1680118e+09
12949,1.2006848e+09
12950,1.2237911e+09
12951,1.2846348e+09
12952,1.3742771e+09
12953,1.454608e+09
12954,1.5391108e+09
12955,1.5850011e+09
12956,1.648608e+09
12957,1.69416e+09
12958,1.767785e+09
12959,1.7939419e+09
12960,1.8716201e+09
12961,2.0182053e+09
12962,2.1363436e+09
12963,2.182101e+09
12964,2.229483e+09
12965,2.3127544e+09
12966,2.3185142e+09
12967,2.3533274e+09
12968,2.3478797e+09
12969,2.3665595e+09
12970,2.3929677e+09
12971,2.4017275e+09
12972,2.4065254e+09
12973,2.504148e+09
12974,2.4984481e+09
12975,2.5038615e+09
12976,2.5115128e+09
12977,2.4778038e+09
12978,2.4611e+09
12979,2.495586e+09
12980,2.4867466e+09
12981,2.4176827e+09
12982,2.51136e+09
12983,2.4777027e+09
12984,2.4221612e+09
12985,2.480621e+09
12986,2.4857646e+09
12987,2.5296294e+09
12988,2.5483128e+09
12989,2.587811e+09
12990,2.5175946e+09
12991,2.5873948e+09
12992,2.7117678e+09
12993,2.7386975e+09
12994,2.9874173e+09
12995,2.959432e+09
12996,2.9032732e+09
12997,2.7088143e+09
12998,2.4224525e+09
12999,2.5619085e+09
13000,2.5386442e+09
13001,2.7169833e+09
13002,2.7127043e+09
13003,2.7026744e+09
13004,2.7952146e+09
13005,2.7270426e+09
13117,2.756392e+09
13118,2.2950866e+09
13119,1.7194917e+09
13120,1.531e+09
13121,3.2229317e+09
13122,2.638642e+09
13123,1.6947278e+09
13124,1.0390132e+09
13125,6.987588e+08
13126,5.379638e+08
13127,4.5867475e+08
13128,6.141473e+08
13129,6.409154e+08
13130,7.735373e+08
13131,7.8013274e+08
13132,7.822845e+08
13133,8.212776e+08
13134,8.2600326e+08
13135,7.214532e+08
13136,7.1773824e+08
13137,5.270765e+08
13138,5.3927494e+08
13139,8.000685e+08
13140,9.749148e+08
13141,1.1781322e+09
13142,1.2797937e+09
13143,9.735249e+08
13144,6.3334304e+08
13145,4.7611645e+08
13146,6.593317e+08
13147,8.9204595e+08
13148,1.1683309e+09
13149,2.0957738e+09
13150,2.161408e+09
13151,1.2726865e+09
13152,1.2765631e+09
13153,1.8027048e+09
13154,1.274773e+09
13155,1.109423e+09
13156,1.0790948e+09
13157,1.1120682e+09
13158,1.1605865e+09
13159,1.1392696e+09
13160,1.149638e+09
13161,1.2077073e+09
13162,1.3073448e+09
13163,1.4115921e+09
13164,1.4968214e+09
13165,1.5665472e+09
13166,1.6477919e+09
13167,1.7407647e+09
13168,1.7688531e+09
13169,1.8387192e+09
13170,1.9701815e+09
13171,2.0233645e+09
13172,2.1181893e+09
13173,2.137297e+09
13174,2.1934382e+09
13175,2.283869e+09
13176,2.3787932e+09
13177,2.468247e+09
13178,2.5368317e+09
13179,2.520065e+09
13180,2.5091471e+09
13181,2.436771e+09
13182,2.516232e+09
13183,2.4826708e+09
13184,2.5612856e+09
13185,2.5995548e+09
13186,2.5837504e+09
13187,2.5230136e+09
13188,2.5393416e+09
13189,2.597669e+09
13190,2.6052685e+09
13191,2.614132e+09
13192,2.5624886e+09
13193,2.5868895e+09
13194,2.5569382e+09
13195,2.5469888e+09
13196,2.4864548e+09
13197,2.6208663e+09
13198,2.556742e+09
13199,2.714297e+09
13200,2.606529e+09
13201,2.7495713e+09
13202,2.907256e+09
13203,2.8837276e+09
13204,3.114216e+09
13205,3.1088745e+09
13206,3.0988892e+09
13207,2.504939e+09
13208,2.5177206e+09
13209,2.5579123e+09
13210,2.5128666e+09
13211,2.5113065e+09
13212,2.7694513e+09
13213,2.7416806e+09
13214,2.582391e+09
13215,2.6661473e+09
13327,2.637839e+09
13328,2.294857e+09
13329,1.5141473e+09
13330,1.1835101e+09
13331,2.4868168e+09
13332,3.7904356e+09
13333,2.7804e+09
13334,1.4781167e+09
13335,8.10683e+08
13336,4.6045843e+08
13337,4.8590445e+08
13338,7.646825e+08
13339,7.8710637e+08
13340,7.3326035e+08
13341,6.8323885e+08
13342,7.5426925e+08
13343,6.770525e+08
13344,8.3615424e+08
13345,7.651958e+08
13346,5.5295866e+08
13347,4.2390765e+08
13348,5.8814534e+08
13349,4.664544e+08
13350,1.0025942e+09
13351,1.3324741e+09
13352,1.0202062e+09
13353,6.10474e+08
13354,7.2318016e+08
13355,1.2243909e+09
13356,7.7878304e+08
13357,9.9054995e+08
13358,1.0762245e+09
13359,1.2683604e+09
13360,1.5413039e+09
13361,1.8862783e+09
13362,1.7350676e+09
13363,1.8245692e+09
13364,1.4038642e+09
13365,1.2583699e+09
13366,1.127529e+09
13367,1.1354473e+09
13368,1.1118374e+09
13369,1.1257609e+09
13370,1.1838435e+09
13371,1.2580707e+09
13372,1.320983e+09
13373,1.4450991e+09
13374,1.5009478e+09
13375,1.564911e+09
13376,1.6398088e+09
13377,1.7130999e+09
13378,1.8462405e+09
13379,2.0128256e+09
13380,2.051539e+09
13381,2.0876525e+09
13382,2.1829064e+09
13383,2.198364e+09
13384,2.3195927e+09
13385,2.3567299e+09
13386,2.4653307e+09
13387,2.4892746e+09
13388,2.5793595e+09
13389,2.617653e+09
13390,2.5303913e+09
13391,2.4881144e+09
13392,2.5547866e+09
13393,2.5473354e+09
13394,2.6110382e+09
13395,2.640051e+09
13396,2.7062543e+09
13397,2.687358e+09
13398,2.7166241e+09
13399,2.7309197e+09
13400,2.757315e+09
13401,2.656818e+09
13402,2.664487e+09
13403,2.697313e+09
13404,2.6573957e+09
13405,2.6634107e+09
13406,2.571034e+09
13407,2.6193165e+09
13408,2.531221e+09
13409,2.890582e+09
13410,2.8427487e+09
13411,2.89585e+09
13412,3.0003901e+09
13413,3.2844923e+09
13414,3.3396677e+09
13415,3.401019e+09
13416,2.5864684e+09
13417,2.2627274e+09
13418,2.4821555e+09
13419,2.4975447e+09
13420,2.6066355e+09
13421,2.7533952e+09
13422,2.5574405e+09
13423,2.6181486e+09
13424,2.707219e+09
13425,2.6197368e+09
13537,2.1874002e+09
13538,2.018911e+09
13539,1.4977996e+09
13540,1.094456e+09
13541,1.6391514e+09
13542,2.8048428e+09
13543,3.260643e+09
13544,2.1219375e+09
13545,9.451145e+08
13546,5.378229e+08
13547,4.8776454e+08
13548,4.9318518e+08
13549,9.022239e+08
13550,6.3754234e+08
13551,7.763651e+08
13552,7.0987686e+08
13553,6.643275e+08
13554,8.0103725e+08
13555,8.340167e+08
13556,7.5191e+08
13557,4.976513e+08
13558,5.191816e+08
13559,6.975537e+08
13560,1.104339e+09
13561,1.1207313e+09
13562,5.49598e+08
13563,4.7014688e+08
13564,3.6979443e+08
13565,5.390049e+08
13566,8.614833e+08
13567,1.4524705e+09
13568,1.3377974e+09
13569,1.5701768e+09
13570,1.7460824e+09
13571,1.6652324e+09
13572,1.1599009e+09
13573,1.1000657e+09
13574,1.626512e+09
13575,1.1158068e+09
13576,1.1038583e+09
13577,9.396977e+08
13578,9.8778e+08
13579,1.03106035e+09
13580,1.1171401e+09
13581,1.152751e+09
13582,1.2598039e+09
13583,1.3867727e+09
13584,1.4483863e+09
13585,1.4705857e+09
13586,1.5772155e+09
13587,1.6971501e+09
13588,1.8503377e+09
13589,1.9827028e+09
13590,2.0332097e+09
13591,2.1990643e+09
13592,2.283431e+09
13593,2.377782e+09
13594,2.42231e+09
13595,2.482021e+09
13596,2.4985487e+09
13597,2.5390374e+09
13598,2.55634e+09
13599,2.5822487e+09
13600,2.6178253e+09
13601,2.5732995e+09
13602,2.622726e+09
13603,2.58692e+09
13604,2.7493553e+09
13605,2.799422e+09
13606,2.7823306e+09
13607,2.7994895e+09
13608,2.809383e+09
13609,2.835901e+09
13610,2.891651e+09
13611,2.7654492e+09
13612,2.770191e+09
13613,2.8207764e+09
13614,2.8252541e+09
13615,2.6984916e+09
13616,2.7762573e+09
13617,2.7381204e+09
13618,2.7195172e+09
13619,2.8740493e+09
13620,2.9623332e+09
13621,3.0819438e+09
13622,3.2676562e+09
13623,3.332147e+09
13624,3.6182164e+09
13625,3.0977907e+09
13626,2.3529162e+09
13627,2.4232046e+09
13628,2.402137e+09
13629,2.560921e+09
13630,2.6042191e+09
13632,2.7814162e+09
13633,2.871749e+09
13748,1.7010479e+09
13749,1.573797e+09
13750,1.2568159e+09
13751,1.3834346e+09
13752,1.883117e+09
13753,2.8702228e+09
13754,2.746171e+09
13755,1.4839587e+09
13756,7.892762e+08
13757,5.756199e+08
13758,4.7552582e+08
13759,4.8624746e+08
13760,5.449943e+08
13761,6.17994e+08
13762,4.6547494e+08
13763,4.774645e+08
13764,6.776662e+08
13765,6.508713e+08
13766,6.625524e+08
13767,6.574278e+08
13768,6.4537965e+08
13769,1.2775142e+09
13770,1.00951315e+09
13771,9.4217894e+08
13772,3.8906774e+08
13773,3.987437e+08
13774,4.0736323e+08
13775,6.714102e+08
13776,1.06846317e+09
13777,1.2512134e+09
13778,9.728855e+08
13779,1.3164396e+09
13780,1.2025902e+09
13781,1.1870372e+09
13782,1.1765907e+09
13783,1.0092574e+09
13784,1.0757039e+09
13785,7.672666e+08
13786,9.034734e+08
13787,8.2472166e+08
13788,8.930701e+08
13789,9.2663194e+08
13790,1.0659477e+09
13791,1.1292468e+09
13792,1.2412844e+09
13793,1.3497942e+09
13794,1.4114193e+09
13795,1.484766e+09
13796,1.594539e+09
13797,1.6886394e+09
13798,1.8824637e+09
13799,2.0321658e+09
13800,2.114782e+09
13801,2.176729e+09
13802,2.2242499e+09
13803,2.3818678e+09
13804,2.4586086e+09
13805,2.541671e+09
13806,2.5600914e+09
13807,2.5280284e+09
13808,2.593475e+09
13809,2.6072256e+09
13810,2.5635364e+09
13811,2.5943985e+09
13812,2.625285e+09
13813,2.702765e+09
13814,2.8098957e+09
13815,2.833152e+09
13816,2.879049e+09
13817,2.8464046e+09
13818,2.864663e+09
13819,2.8840228e+09
13820,2.9639693e+09
13821,2.934997e+09
13822,2.9159347e+09
13823,2.8532933e+09
13824,2.8795228e+09
13825,2.841743e+09
13826,2.8768e+09
13827,2.8663506e+09
13828,2.915945e+09
13829,2.9841585e+09
13830,3.0840123e+09
13831,3.215806e+09
13832,3.5096783e+09
13833,3.7087483e+09
13834,3.548894e+09
13835,2.8490237e+09
13836,2.438836e+09
13837,2.5483523e+09
13838,2.5252884e+09
13839,2.5330524e+09
13840,2.5745846e+09
13842,2.6803123e+09
13843,2.881222e+09
13960,1.0998262e+09
13961,1.1034395e+09
13962,1.4279026e+09
13963,2.1318614e+09
13964,2.9065075e+09
13965,2.3982185e+09
13966,1.02980243e+09
13967,6.5725555e+08
13968,4.3309533e+08
13969,3.6840512e+08
13970,4.134641e+08
13971,4.6468797e+08
13972,4.6408506e+08
13973,5.463725e+08
13974,4.5712723e+08
13975,5.920819e+08
13976,7.660395e+08
13977,6.293686e+08
13978,6.545314e+08
13979,9.775323e+08
13980,8.1964934e+08
13981,1.1292351e+09
13982,6.4228934e+08
13983,5.098812e+08
13984,6.176962e+08
13985,7.911274e+08
13986,9.436535e+08
13987,1.1151542e+09
13988,1.8930532e+09
13989,1.9103538e+09
13990,1.4011316e+09
13991,1.0619647e+09
13992,7.122168e+08
13993,1.3538145e+09
13994,1.5337622e+09
13995,8.8622163e+08
13996,8.21512e+08
13997,8.0464454e+08
13998,8.3876243e+08
13999,9.3884e+08
14000,9.820582e+08
14001,1.05771814e+09
14002,1.1497846e+09
14003,1.2578711e+09
14004,1.3632236e+09
14005,1.4780166e+09
14006,1.6293326e+09
14007,1.7106551e+09
14008,1.8451443e+09
14009,2.0357167e+09
14010,2.0668746e+09
14011,2.2877315e+09
14012,2.3171845e+09
14013,2.46831e+09
14014,2.5976036e+09
14015,2.5620588e+09
14016,2.6723528e+09
14017,2.6613427e+09
14018,2.6082665e+09
14019,2.6293245e+09
14020,2.6288924e+09
14021,2.603066e+09
14022,2.6019005e+09
14023,2.6935516e+09
14024,2.6625656e+09
14025,2.7354662e+09
14026,2.7407273e+09
14027,2.8175764e+09
14028,2.7926884e+09
14029,2.8944916e+09
14030,2.9873498e+09
14031,3.0167299e+09
14032,2.9763064e+09
14033,2.932374e+09
14034,3.0053443e+09
14035,3.0186335e+09
14036,3.0427955e+09
14037,3.0456957e+09
14038,3.0153636e+09
14039,3.0561592e+09
14040,3.3014743e+09
14041,3.4051622e+09
14042,3.485784e+09
14043,3.1962737e+09
14044,2.7961044e+09
14045,2.5309809e+09
14046,2.5825623e+09
14047,2.5309693e+09
14048,2.5005896e+09
14049,2.6590454e+09
14050,2.6325248e+09
14053,2.7893176e+09
14170,1.1661292e+09
14171,1.0906543e+09
14172,9.412819e+08
14173,1.2238697e+09
14174,1.8477028e+09
14175,2.8076795e+09
14176,1.9345921e+09
14177,9.327559e+08
14178,5.452826e+08
14179,4.281735e+08
14180,3.304515e+08
14181,3.9423178e+08
14182,4.3794397e+08
14183,4.571322e+08
14184,4.604795e+08
14185,7.136219e+08
14186,8.851039e+08
14187,1.04871974e+09
14188,1.3460608e+09
14189,1.2349222e+09
14190,6.3070144e+08
14191,6.391319e+08
14192,5.2114038e+08
14193,3.860063e+08
14194,6.722795e+08
14195,5.450176e+08
14196,7.303363e+08
14197,1.2489851e+09
14198,1.920208e+09
14199,1.9815683e+09
14200,1.7668855e+09
14201,1.5387523e+09
14202,8.446242e+08
14203,9.287783e+08
14204,1.5495813e+09
14205,9.9858144e+08
14206,8.872354e+08
14207,9.7045766e+08
14208,9.713578e+08
14209,9.9582554e+08
14210,9.840846e+08
14211,1.04632186e+09
14212,1.1146963e+09
14213,1.2377315e+09
14214,1.3874525e+09
14215,1.4999018e+09
14216,1.6161708e+09
14217,1.7497363e+09
14218,1.9013541e+09
14219,2.0516799e+09
14220,2.1081426e+09
14221,2.417798e+09
14222,2.4118835e+09
14223,2.5526246e+09
14224,2.6821645e+09
14225,2.6522934e+09
14226,2.6618527e+09
14227,2.615614e+09
14228,2.6041843e+09
14229,2.6709793e+09
14230,2.6248855e+09
14231,2.7738266e+09
14232,2.819244e+09
14233,2.842282e+09
14234,2.866198e+09
14235,2.8647288e+09
14236,2.9418145e+09
14237,2.8910042e+09
14238,2.7893783e+09
14239,2.843396e+09
14240,2.9735875e+09
14241,3.1101097e+09
14242,3.0940644e+09
14243,3.1236797e+09
14244,3.30686e+09
14245,3.204247e+09
14246,3.3491574e+09
14247,3.0953134e+09
14248,2.965948e+09
14249,2.9721554e+09
14250,3.2742643e+09
14251,3.0319017e+09
14252,2.8381363e+09
14253,2.5096686e+09
14254,2.6968978e+09
14255,2.6016776e+09
14256,2.512014e+09
14257,2.4859983e+09
14258,2.5832463e+09
14259,2.715881e+09
14260,2.768751e+09
14261,3.0194153e+09
14381,1.0135298e+09
14382,7.542733e+08
14383,7.734478e+08
14384,1.0393267e+09
14385,1.7252788e+09
14386,2.3020861e+09
14387,1.5413471e+09
14388,8.69085e+08
14389,3.871193e+08
14390,3.2730477e+08
14391,4.5024794e+08
14392,3.7736426e+08
14393,3.438787e+08
14394,4.2014144e+08
14395,5.1491187e+08
14396,5.3483744e+08
14397,6.382041e+08
14398,9.2789466e+08
14399,7.475008e+08
14400,6.414554e+08
14401,4.2044102e+08
14402,4.7886365e+08
14403,5.9450554e+08
14404,4.6865642e+08
14405,5.4226976e+08
14406,5.961223e+08
14407,7.33745e+08
14408,9.454701e+08
14409,1.09637e+09
14410,1.5522326e+09
14411,1.7869793e+09
14412,1.2548334e+09
14413,1.01688454e+09
14414,1.6359572e+09
14415,1.3347734e+09
14416,1.1920449e+09
14417,1.01047706e+09
14418,8.914566e+08
14419,9.6432314e+08
14420,1.03135635e+09
14421,1.0745792e+09
14422,1.1040068e+09
14423,1.2503241e+09
14424,1.4126468e+09
14425,1.4945256e+09
14426,1.6881827e+09
14427,1.794244e+09
14428,1.9384465e+09
14429,2.0712172e+09
14430,2.1459455e+09
14431,2.3653204e+09
14432,2.4011346e+09
14433,2.6711844e+09
14434,2.8397962e+09
14435,2.7380255e+09
14436,2.7582e+09
14437,2.8074312e+09
14438,2.8056369e+09
14439,2.7670423e+09
14440,2.6957379e+09
14441,2.8065894e+09
14442,2.8936947e+09
14443,2.9604385e+09
14444,3.0046252e+09
14445,3.0577805e+09
14446,3.0530045e+09
14447,2.9463818e+09
14448,2.9657236e+09
14449,3.0471276e+09
14450,2.960253e+09
14451,3.1000236e+09
14452,3.202092e+09
14453,3.358935e+09
14454,3.2985167e+09
14455,3.19846e+09
14456,3.3227804e+09
14457,3.4039278e+09
14458,3.5215255e+09
14459,3.3967007e+09
14460,3.071372e+09
14461,2.6147402e+09
14462,2.3060326e+09
14463,2.5016842e+09
14464,2.7117724e+09
14465,2.5484045e+09
14466,2.6339858e+09
14467,2.6601134e+09
14468,2.6899118e+09
14469,2.8278234e+09
14470,2.8904545e+09
14591,1.14422e+09
14592,7.482612e+08
14593,6.86899e+08
14594,6.5665e+08
14595,1.0802646e+09
14596,1.7536919e+09
14597,2.0416116e+09
14598,8.0301075e+08
14599,3.7232496e+08
14600,2.2775301e+08
14601,2.5983482e+08
14602,3.903976e+08
14603,7.5118675e+08
14604,3.8964928e+08
14605,3.678124e+08
14606,4.812157e+08
14607,8.4501005e+08
14608,6.179239e+08
14609,8.0175104e+08
14610,1.1316061e+09
14611,5.1650464e+08
14612,4.783491e+08
14613,6.796856e+08
14614,8.488467e+08
14615,5.48145e+08
14616,1.1538632e+09
14617,5.0603872e+08
14618,7.9216006e+08
14619,8.659824e+08
14620,1.1393628e+09
14621,1.1221394e+09
14622,1.0856316e+09
14623,1.2517135e+09
14624,1.5982185e+09
14625,8.5209734e+08
14626,1.1080959e+09
14627,1.0485657e+09
14628,1.0211197e+09
14629,1.0111197e+09
14630,1.0219938e+09
14631,1.06005203e+09
14632,1.1277605e+09
14633,1.2848864e+09
14634,1.3929824e+09
14635,1.4881674e+09
14636,1.581255e+09
14637,1.7329875e+09
14638,1.9099945e+09
14639,1.9854975e+09
14640,2.0875648e+09
14641,2.3039063e+09
14642,2.4860262e+09
14643,2.6822236e+09
14644,2.7839043e+09
14645,2.792062e+09
14646,2.7390853e+09
14647,2.5267927e+09
14648,2.7027274e+09
14649,2.7303872e+09
14650,2.8067067e+09
14651,2.8925097e+09
14652,2.963545e+09
14653,2.9507948e+09
14654,3.030477e+09
14655,3.0561416e+09
14656,3.0670687e+09
14657,3.1466698e+09
14658,3.0360325e+09
14659,2.9985551e+09
14660,2.940053e+09
14661,3.199041e+09
14662,3.4689372e+09
14663,3.246476e+09
14664,3.3991434e+09
14665,3.304023e+09
14666,3.3232622e+09
14667,3.3075635e+09
14668,2.8473083e+09
14669,2.8142413e+09
14670,2.8217155e+09
14671,3.0405617e+09
14672,2.9324867e+09
14673,2.610322e+09
14674,2.5233413e+09
14675,2.5585759e+09
14676,2.6569784e+09
14677,2.7310687e+09
14678,2.9098204e+09
14679,2.9790177e+09
14680,3.1155727e+09
14681,3.2694874e+09
14802,8.6877574e+08
14803,7.161918e+08
14804,5.0335466e+08
14805,6.7452474e+08
14806,1.03580435e+09
14807,1.3742346e+09
14808,5.9691136e+08
14809,3.1633302e+08
14810,2.700321e+08
14811,2.6469381e+08
14812,3.329692e+08
14813,3.6109683e+08
14814,2.965673e+08
14815,4.0383926e+08
14816,6.512101e+08
14817,7.220726e+08
14818,7.4899014e+08
14819,6.894939e+08
14820,8.416461e+08
14821,5.4356045e+08
14822,4.655689e+08
14823,5.7140666e+08
14824,7.642936e+08
14825,6.608823e+08
14826,1.3096346e+09
14827,5.3600374e+08
14828,5.8454656e+08
14829,6.95065e+08
14830,8.9642323e+08
14831,1.651439e+09
14832,6.8737683e+08
14833,2.1588303e+09
14834,1.120538e+09
14835,9.974935e+08
14836,1.1019999e+09
14837,9.521268e+08
14838,1.06734163e+09
14839,1.0258063e+09
14840,1.1133747e+09
14841,1.1586866e+09
14842,1.1691944e+09
14843,1.2722088e+09
14844,1.3656613e+09
14845,1.5465879e+09
14846,1.5769161e+09
14847,1.747382e+09
14848,1.7891834e+09
14849,1.9329868e+09
14850,2.0972902e+09
14851,2.2934213e+09
14852,2.5163075e+09
14853,2.6580347e+09
14854,2.8761595e+09
14855,2.9422897e+09
14856,2.8765824e+09
14857,3.010144e+09
14858,2.8842332e+09
14859,2.7449413e+09
14860,2.8327818e+09
14861,2.9982395e+09
14862,2.8820608e+09
14863,2.9730545e+09
14864,3.0586534e+09
14865,3.0931333e+09
14866,3.1088645e+09
14867,3.170779e+09
14868,3.0627986e+09
14869,3.0872233e+09
14870,3.0992837e+09
14871,3.2525706e+09
14872,3.5626358e+09
14873,3.299997e+09
14874,3.698521e+09
14875,3.2558666e+09
14876,3.0892326e+09
14877,2.68919e+09
14878,2.8986191e+09
14879,3.0825628e+09
14880,3.5413716e+09
14881,2.9412567e+09
14882,2.7418196e+09
14883,2.642849e+09
14884,2.7324672e+09
14885,2.6847596e+09
14886,2.7220006e+09
14887,2.8554412e+09
14888,2.9985265e+09
14889,3.1026038e+09
14890,3.28303e+09
14891,3.314176e+09
15013,7.4768237e+08
15014,5.2627386e+08
15015,4.9620902e+08
15016,6.357639e+08
15017,9.0201574e+08
15018,4.1760608e+08
15019,2.8824474e+08
15020,3.4839578e+08
15021,3.0680115e+08
15022,3.4541843e+08
15023,4.1771306e+08
15024,4.3471926e+08
15025,3.936924e+08
15026,5.591963e+08
15027,6.6675603e+08
15028,7.992854e+08
15029,7.7769574e+08
15030,9.689475e+08
15031,7.638676e+08
15032,3.6412115e+08
15033,4.8425878e+08
15034,6.506324e+08
15035,7.413563e+08
15036,7.2575456e+08
15037,8.861935e+08
15038,7.840594e+08
15039,8.7777286e+08
15040,6.699937e+08
15041,7.220497e+08
15042,6.757037e+08
15043,1.2781385e+09
15044,1.03830336e+09
15045,1.0725842e+09
15046,9.0343174e+08
15047,9.1352237e+08
15048,9.6607296e+08
15049,9.8990125e+08
15050,1.07169926e+09
15051,1.1519354e+09
15052,1.2838579e+09
15053,1.3567983e+09
15054,1.4794748e+09
15055,1.5981006e+09
15056,1.6063896e+09
15057,1.7075301e+09
15058,1.8436659e+09
15059,2.0465545e+09
15060,2.203933e+09
15061,2.3009843e+09
15062,2.4388132e+09
15063,2.5144108e+09
15064,2.8235123e+09
15065,3.0311357e+09
15066,2.957957e+09
15067,3.2319977e+09
15068,3.2639137e+09
15069,3.3259594e+09
15070,3.1764598e+09
15071,3.1551025e+09
15072,3.0276938e+09
15073,3.0793472e+09
15074,3.0420908e+09
15075,3.0742254e+09
15076,3.0499164e+09
15077,3.183627e+09
15078,3.0336404e+09
15079,3.1712684e+09
15080,3.1994332e+09
15081,3.3444193e+09
15082,3.3130317e+09
15083,3.604937e+09
15084,3.5501793e+09
15085,3.2644728e+09
15086,3.8116288e+09
15087,3.806093e+09
15088,3.3306196e+09
15089,2.7397614e+09
15090,3.210902e+09
15091,2.867144e+09
15092,2.6250967e+09
15093,2.6608479e+09
15094,2.5972431e+09
15095,2.6856512e+09
15096,2.7740163e+09
15097,3.0272338e+09
15098,2.984639e+09
15099,3.131984e+09
15100,3.394463e+09
15101,3.4607084e+09
15223,9.5586074e+08
15224,7.3160806e+08
15225,6.3941056e+08
15226,7.581901e+08
15227,6.291483e+08
15228,3.0068147e+08
15229,2.78753e+08
15230,2.478257e+08
15231,2.471072e+08
15232,2.5740166e+08
15233,3.9057322e+08
15234,3.629939e+08
15235,3.4399344e+08
15236,8.211005e+08
15237,7.482691e+08
15238,1.1370409e+09
15239,7.2399034e+08
15240,1.2262925e+09
15241,1.07348826e+09
15242,4.6691885e+08
15243,4.2067597e+08
15244,4.930172e+08
15245,6.0824365e+08
15246,7.3751763e+08
15247,9.436607e+08
15248,7.6217216e+08
15249,6.071103e+08
15250,5.1642813e+08
15251,7.415667e+08
15252,7.823866e+08
15253,9.758443e+08
15254,8.695299e+08
15255,9.1766035e+08
15256,1.00118176e+09
15257,9.144337e+08
15258,1.03866906e+09
15259,1.03412416e+09
15260,1.0773276e+09
15261,1.1806452e+09
15262,1.2360585e+09
15263,1.380677e+09
15264,1.5389188e+09
15265,1.6546099e+09
15266,1.6433659e+09
15267,1.8567428e+09
15268,1.879884e+09
15269,2.1039959e+09
15270,2.2657874e+09
15271,2.3498742e+09
15272,2.5024338e+09
15273,2.6115284e+09
15274,2.750291e+09
15275,2.6908795e+09
15276,2.9179218e+09
15277,2.993583e+09
15278,3.0283172e+09
15279,3.1930816e+09
15280,3.3598927e+09
15281,3.1833446e+09
15282,3.1799593e+09
15283,3.188626e+09
15284,3.2228803e+09
15285,3.1988347e+09
15286,3.1510574e+09
15287,3.161073e+09
15288,3.2807276e+09
15289,3.3782979e+09
15290,3.5269985e+09
15291,3.6143606e+09
15292,3.3862446e+09
15293,3.3468524e+09
15294,3.0943798e+09
15295,3.4857231e+09
15296,3.3291407e+09
15297,3.723882e+09
15298,4.0015101e+09
15299,3.1263265e+09
15300,2.7873636e+09
15301,2.8048044e+09
15302,2.6673894e+09
15303,2.812809e+09
15304,2.704297e+09
15305,2.8497882e+09
15306,2.7951393e+09
15307,3.0117315e+09
15308,3.1921172e+09
15309,3.314298e+09
15310,3.895527e+09
15435,8.2465094e+08
15436,8.086979e+08
15437,7.088174e+08
15438,8.1062374e+08
15439,6.3429536e+08
15440,4.400218e+08
15441,3.241624e+08
15442,2.3072502e+08
15443,2.2348035e+08
15444,3.225588e+08
15445,3.2463696e+08
15446,4.883424e+08
15447,5.948855e+08
15448,8.084499e+08
15449,1.1215739e+09
15450,1.1149953e+09
15451,1.2778653e+09
15452,1.3271094e+09
15453,1.1190409e+09
15454,6.848746e+08
15455,5.757107e+08
15456,6.3054586e+08
15457,7.637089e+08
15458,8.7739616e+08
15459,6.4884717e+08
15460,5.489034e+08
15461,7.0350835e+08
15462,7.334412e+08
15463,7.4968435e+08
15464,8.3991974e+08
15465,8.6430554e+08
15466,8.3589114e+08
15467,8.936753e+08
15468,9.684773e+08
15469,1.0307775e+09
15470,1.0772333e+09
15471,1.2475514e+09
15472,1.3466966e+09
15473,1.3643652e+09
15474,1.4209599e+09
15475,1.603864e+09
15476,1.6975466e+09
15477,1.889371e+09
15478,1.9992047e+09
15479,2.2154688e+09
15480,2.3692436e+09
15481,2.5552312e+09
15482,2.6841172e+09
15483,2.9801882e+09
15484,3.1764984e+09
15485,3.2764588e+09
15486,3.3915843e+09
15487,3.2353004e+09
15488,3.3260193e+09
15489,3.211282e+09
15490,3.302914e+09
15491,3.267143e+09
15492,3.221732e+09
15493,3.2810522e+09
15494,3.3006528e+09
15495,3.25227e+09
15496,3.2346642e+09
15497,3.2673119e+09
15498,3.3017987e+09
15499,3.382166e+09
15500,3.3918694e+09
15501,3.4509156e+09
15502,3.4016192e+09
15503,3.5915845e+09
15504,3.163134e+09
15505,3.4841818e+09
15506,3.4541809e+09
15507,3.2326984e+09
15508,2.9407985e+09
15509,2.9818373e+09
15510,2.7792678e+09
15511,2.747643e+09
15512,2.727596e+09
15513,2.7497242e+09
15514,2.7755886e+09
15515,2.885763e+09
15516,3.0869256e+09
15517,3.2417756e+09
15518,3.5513638e+09
15648,8.017285e+08
15649,1.0516671e+09
15650,8.775473e+08
15651,4.2145616e+08
15652,3.158287e+08
15653,2.800924e+08
15654,2.493315e+08
15655,2.7575504e+08
15656,3.5125584e+08
15657,5.3500166e+08
15658,6.5260826e+08
15659,7.6266726e+08
15660,9.075614e+08
15661,1.0994588e+09
15662,1.244031e+09
15663,1.1434301e+09
15664,1.2023616e+09
15665,1.7399397e+09
15666,1.3695443e+09
15667,1.1190253e+09
15668,8.1722566e+08
15669,1.05153856e+09
15670,7.0050214e+08
15671,5.928223e+08
15672,6.76348e+08
15673,8.3036474e+08
15674,7.5952454e+08
15675,8.0836397e+08
15676,8.351439e+08
15677,9.455234e+08
15678,9.32798e+08
15679,9.9896486e+08
15680,1.0861288e+09
15681,1.1474193e+09
15682,1.3239622e+09
15683,1.3722694e+09
15684,1.4702276e+09
15685,1.5446239e+09
15686,1.6706263e+09
15687,1.8559616e+09
15688,1.9959884e+09
15689,2.1921825e+09
15690,2.4490337e+09
15691,2.649817e+09
15692,2.856268e+09
15693,3.125686e+09
15694,3.2744202e+09
15695,3.4393887e+09
15696,3.5167736e+09
15697,3.50086e+09
15698,3.3938975e+09
15699,3.49752e+09
15700,3.428707e+09
15701,3.336933e+09
15702,3.3016822e+09
15703,3.342195e+09
15704,3.2970798e+09
15705,3.2362186e+09
15706,3.34418e+09
15707,3.3718467e+09
15708,3.480987e+09
15709,3.5367345e+09
15710,3.4416077e+09
15711,3.434425e+09
15712,3.3235085e+09
15713,3.153508e+09
15714,3.138037e+09
15715,3.1899576e+09
15716,3.1772838e+09
15717,3.0774026e+09
15718,2.9102694e+09
15719,2.7544484e+09
15720,2.8246543e+09
15721,2.8079145e+09
15722,2.741981e+09
15723,2.8056586e+09
15724,2.890887e+09
15725,3.0166774e+09
15726,3.3456397e+09
15727,3.4605443e+09
15859,8.7292186e+08
15860,9.360256e+08
15861,7.51669e+08
15862,2.5688056e+08
15863,2.6534696e+08
15864,2.5950229e+08
15865,2.586474e+08
15866,4.2371382e+08
15867,3.7511603e+08
15868,4.5406298e+08
15869,5.3202307e+08
15870,6.090285e+08
15871,8.14657e+08
15872,1.1387365e+09
15873,9.776678e+08
15874,1.1313553e+09
15875,1.5261372e+09
15876,1.0066633e+09
15877,1.6796243e+09
15878,1.1003645e+09
15879,9.873481e+08
15880,4.9011978e+08
15881,7.548833e+08
15882,6.685244e+08
15883,1.1545551e+09
15884,9.1170445e+08
15885,7.8013434e+08
15886,7.8358106e+08
15887,8.763421e+08
15888,9.0224794e+08
15889,1.01555565e+09
15890,1.0689352e+09
15891,1.1657331e+09
15892,1.2193325e+09
15893,1.3387995e+09
15894,1.4512301e+09
15895,1.5651453e+09
15896,1.6996163e+09
15897,1.8380977e+09
15898,2.0233295e+09
15899,2.280256e+09
15900,2.40735e+09
15901,2.6679698e+09
15902,2.8794757e+09
15903,3.1100124e+09
15904,3.1624356e+09
15905,3.159004e+09
15906,3.1854318e+09
15907,3.278704e+09
15908,3.3294607e+09
15909,3.3567296e+09
15910,3.4644168e+09
15911,3.329214e+09
15912,3.2835853e+09
15913,3.2656223e+09
15914,3.3495514e+09
15915,3.2569523e+09
15916,3.3600663e+09
15917,3.3391636e+09
15918,3.527042e+09
15919,3.5400586e+09
15920,3.4545615e+09
15921,3.465354e+09
15922,3.0437998e+09
15923,3.188473e+09
15924,3.1089247e+09
15925,2.9644764e+09
15926,2.9485366e+09
15927,2.8441692e+09
15928,2.8471414e+09
15929,2.8433674e+09
15930,2.78561e+09
15931,2.8603418e+09
15932,2.863992e+09
15933,2.8906278e+09
15934,3.0572623e+09
15935,3.4538767e+09
16070,1.01201306e+09
16071,7.3233005e+08
16072,2.5101512e+08
16073,1.8544029e+08
16074,2.2349307e+08
16075,2.3329525e+08
16076,2.5729805e+08
16077,2.8159152e+08
16078,3.2173437e+08
16079,4.370786e+08
16080,5.3337558e+08
16081,5.582502e+08
16082,7.113387e+08
16083,7.693923e+08
16084,7.3740397e+08
16085,7.22006e+08
16086,8.8282714e+08
16087,8.8297114e+08
16088,1.4503639e+09
16089,8.076269e+08
16090,5.630459e+08
16091,6.4269357e+08
16092,7.2378784e+08
16093,2.013582e+09
16094,8.512797e+08
16095,7.8075475e+08
16096,8.222957e+08
16097,8.671594e+08
16098,8.510024e+08
16099,9.620182e+08
16100,1.0755082e+09
16101,1.2017889e+09
16102,1.2417984e+09
16103,1.3102404e+09
16104,1.3997938e+09
16105,1.5732128e+09
16106,1.6410154e+09
16107,1.8579372e+09
16108,2.0591168e+09
16109,2.2009024e+09
16110,2.363119e+09
16111,2.5968822e+09
16112,2.9063452e+09
16113,2.9149558e+09
16114,2.931122e+09
16115,2.9669837e+09
16116,3.0471212e+09
16117,3.1677174e+09
16118,3.247885e+09
16119,3.2237263e+09
16120,3.3782438e+09
16121,3.2878633e+09
16122,3.2604562e+09
16123,3.221516e+09
16124,3.4065636e+09
16125,3.3590953e+09
16126,3.3629025e+09
16127,3.2756298e+09
16128,3.4100147e+09
16129,3.4409902e+09
16130,3.4634012e+09
16131,3.3335793e+09
16132,3.2728817e+09
16133,3.076603e+09
16134,3.0021176e+09
16135,3.0215862e+09
16136,2.9076262e+09
16137,2.8113165e+09
16138,2.7364431e+09
16139,2.7417508e+09
16140,2.7930936e+09
16141,2.8723105e+09
16142,2.959215e+09
16143,3.1636608e+09
16144,3.212481e+09
16286,3.381172e+08
16287,3.1909005e+08
16288,3.9794746e+08
16289,5.673688e+08
16290,4.325757e+08
16291,4.5533597e+08
16292,9.021511e+08
16293,8.696873e+08
16294,7.0930016e+08
16295,5.424673e+08
16296,5.563481e+08
16297,7.424503e+08
16298,6.1511014e+08
16299,6.5126054e+08
16300,5.7530176e+08
16301,7.5160275e+08
16302,4.8073475e+08
16303,7.871557e+08
16304,9.119637e+08
16305,7.643127e+08
16306,6.6693414e+08
16307,7.57064e+08
16308,7.9918355e+08
16309,9.2706854e+08
16310,1.0312122e+09
16311,1.1558678e+09
16312,1.2646885e+09
16313,1.3810843e+09
16314,1.4083496e+09
16315,1.5921581e+09
16316,1.6813596e+09
16317,1.8927002e+09
16318,1.9716979e+09
16319,2.2025516e+09
16320,2.3619674e+09
16321,2.566783e+09
16322,2.838588e+09
16323,2.8437765e+09
16324,2.81762e+09
16325,2.8916541e+09
16326,3.0264878e+09
16327,3.0770532e+09
16328,3.1178378e+09
16329,3.1439652e+09
16330,3.1879145e+09
16331,3.275951e+09
16332,3.2955896e+09
16333,3.433657e+09
16334,3.3811645e+09
16335,3.387684e+09
16336,3.2686546e+09
16337,3.2703857e+09
16338,3.2010698e+09
16339,3.316926e+09
16340,3.2630495e+09
16341,3.1045373e+09
16342,3.0452337e+09
16343,3.149705e+09
16344,2.9824476e+09
16345,2.9459203e+09
16346,2.8189642e+09
16347,2.7302822e+09
16348,2.7116826e+09
16349,2.775322e+09
16350,2.676402e+09
16351,2.888102e+09
16352,3.1749484e+09
16499,4.7393395e+08
16500,4.6037027e+08
16501,7.354553e+08
16502,6.282915e+08
16503,7.7827424e+08
16504,6.235027e+08
16505,1.05397523e+09
16506,6.6931814e+08
16507,5.2951462e+08
16508,5.5216365e+08
16509,4.690297e+08
16510,5.520585e+08
16511,5.2504326e+08
16512,6.2158624e+08
16513,7.157475e+08
16514,5.3405213e+08
16515,8.45245e+08
16516,5.7565734e+08
16517,6.921233e+08
16518,7.3883104e+08
16519,8.9786e+08
16520,9.5962304e+08
16521,1.0898351e+09
16522,1.2843462e+09
16523,1.401185e+09
16524,1.5394892e+09
16525,1.7055795e+09
16526,1.7712323e+09
16527,1.8445738e+09
16528,2.047847e+09
16529,2.1773737e+09
16530,2.3857224e+09
16531,2.5559145e+09
16532,2.716275e+09
16533,2.8451914e+09
16534,2.8307615e+09
16535,2.946999e+09
16536,3.0243694e+09
16537,3.0833505e+09
16538,3.125354e+09
16539,3.2060756e+09
16540,3.27286e+09
16541,3.3014034e+09
16542,3.3073057e+09
16543,3.4019968e+09
16544,3.398944e+09
16545,3.3844572e+09
16546,3.3441027e+09
16547,3.299237e+09
16548,3.2413532e+09
16549,3.293683e+09
16550,3.1016847e+09
16551,3.0902917e+09
16552,3.031174e+09
16553,3.0838925e+09
16554,2.895149e+09
16555,2.9744438e+09
16556,2.7112996e+09
16557,2.6246467e+09
16558,2.6483215e+09
16559,2.646119e+09
16560,2.643052e+09
16561,2.9198446e+09
16712,9.311486e+08
16713,9.842135e+08
16714,5.638294e+08
16715,7.184634e+08
16716,7.902141e+08
16717,5.4162566e+08
16722,4.763658e+08
16723,5.550565e+08
16724,6.910994e+08
16725,6.561262e+08
16726,6.3125235e+08
16727,6.2831635e+08
16728,7.0620134e+08
16729,8.267384e+08
16730,9.977386e+08
16731,1.0975756e+09
16732,1.2523564e+09
16733,1.4356202e+09
16734,1.5066743e+09
16735,1.6290682e+09
16736,1.7099348e+09
16737,1.8614075e+09
16738,2.0277778e+09
16739,2.2979092e+09
16740,2.3978665e+09
16741,2.6681341e+09
16742,2.7703813e+09
16743,2.8747717e+09
16744,3.0128013e+09
16745,3.094556e+09
16746,3.121089e+09
16747,3.1460268e+09
16748,3.1914982e+09
16749,3.2912018e+09
16750,3.4009733e+09
16751,3.4257853e+09
16752,3.5699133e+09
16753,3.5199058e+09
16754,3.425582e+09
16755,3.4325642e+09
16756,3.3748137e+09
16757,3.399411e+09
16758,3.3542454e+09
16759,3.206661e+09
16760,3.2405504e+09
16761,3.1453568e+09
16762,3.1440218e+09
16763,3.1621473e+09
16764,2.9658995e+09
16765,2.8772933e+09
16766,2.7000223e+09
16767,2.6553574e+09
16768,2.6667415e+09
16769,2.6097764e+09
16770,2.6976192e+09
16771,2.9223416e+09
16934,6.0395354e+08
16935,6.709376e+08
16936,1.188308e+09
16937,8.039259e+08
16938,7.7614266e+08
16939,8.241391e+08
16940,9.706156e+08
16941,1.2094053e+09
16942,1.3539704e+09
16943,1.4138071e+09
16944,1.5173556e+09
16945,1.627432e+09
16946,1.7441094e+09
16947,1.8338313e+09
16948,2.1410367e+09
16949,2.2862628e+09
16950,2.5434383e+09
16951,2.7203205e+09
16952,2.797259e+09
16953,2.918762e+09
16954,3.0857987e+09
16955,3.1792883e+09
16956,3.3177167e+09
16957,3.3973396e+09
16958,3.4729134e+09
16959,3.5042153e+09
16960,3.6066015e+09
16961,3.7086858e+09
16962,3.8850322e+09
16963,3.773352e+09
16964,3.648852e+09
16965,3.6455316e+09
16966,3.6900306e+09
16967,3.6933015e+09
16968,3.5840602e+09
16969,3.5861614e+09
16970,3.4479775e+09
16971,3.4685947e+09
16972,3.36372e+09
16973,3.1963392e+09
16974,2.9681188e+09
16975,2.8395855e+09
16976,2.7813809e+09
16977,2.6734584e+09
16978,2.8180808e+09
16979,2.765357e+09
16980,2.8743736e+09
17145,6.7448154e+08
17146,7.982165e+08
17147,8.8181414e+08
17148,9.007488e+08
17149,1.01942624e+09
17150,1.1326693e+09
17151,1.2189955e+09
17152,1.2971535e+09
17153,1.2945403e+09
17154,1.409889e+09
17155,1.5141732e+09
17156,1.7444255e+09
17157,1.831989e+09
17158,2.1407959e+09
17159,2.3744978e+09
17160,2.5463923e+09
17161,2.6898148e+09
17162,2.7773007e+09
17163,3.0383457e+09
17164,3.1812995e+09
17165,3.5704842e+09
17166,3.647992e+09
17167,3.7424947e+09
17168,3.7412692e+09
17169,3.6779167e+09
17170,3.7746798e+09
17171,3.7942953e+09
17172,3.9339566e+09
17173,4.015568e+09
17174,3.9849162e+09
17175,4.1263744e+09
17176,4.0363996e+09
17177,3.9813473e+09
17179,4.0098028e+09
17180,3.56664e+09
17182,3.609681e+09
17183,3.6405542e+09
17184,3.4206766e+09
17185,3.3576545e+09
17186,3.0914803e+09
17187,2.8953183e+09
17188,2.862129e+09
17189,2.8313807e+09
17190,2.951487e+09
17355,7.33439e+08
17356,6.9304934e+08
17357,7.336114e+08
17358,7.2566675e+08
17359,8.019422e+08
17360,8.8212864e+08
17361,1.087225e+09
17362,1.2494388e+09
17363,1.3924536e+09
17364,1.451387e+09
17365,1.6988494e+09
17366,1.7334537e+09
17367,1.9582307e+09
17368,2.3614963e+09
17369,2.3448799e+09
17370,2.507972e+09
17371,2.6640443e+09
17372,2.7792187e+09
17373,3.0913838e+09
17374,3.47201e+09
17375,3.7137062e+09
17376,3.6713088e+09
17377,3.5934994e+09
17378,3.4853204e+09
17379,3.67272e+09
17380,3.4671288e+09
17381,3.7612372e+09
17382,3.913439e+09
17383,3.9556726e+09
17384,3.8793116e+09
17394,3.8341512e+09
17397,3.3499548e+09
17398,2.9219622e+09
17399,2.9506435e+09
17400,2.8838405e+09
17401,2.908951e+09
17566,5.0425696e+08
17567,6.22475e+08
17568,6.23707e+08
17573,1.4634275e+09
17574,1.5776476e+09
17575,1.7174624e+09
17576,1.8202432e+09
17577,2.1268765e+09
17578,2.1503616e+09
17579,2.2589558e+09
17580,2.4572457e+09
17581,2.6685775e+09
17582,2.8001603e+09
17583,3.0791037e+09
17592,3.8258412e+09
17593,3.9524708e+09
17594,3.6796063e+09
17608,2.9499174e+09
17609,2.8211743e+09
17610,2.6753915e+09
17611,2.786662e+09
17783,1.5682651e+09
17784,1.5114621e+09
17785,1.5194296e+09
17786,1.7077467e+09
17787,1.8842012e+09
17788,2.0435054e+09
17789,2.1738214e+09
17790,2.4073907e+09
17791,2.5528696e+09
17792,2.812258e+09
17793,3.0118356e+09
17819,2.7061676e+09
17820,2.6162406e+09
17821,2.8090857e+09
17822,2.8699067e+09
17994,1.4747597e+09
17995,1.3951288e+09
17996,1.5277747e+09
17997,1.6988183e+09
17998,1.9003679e+09
17999,2.1477402e+09
18000,2.3436283e+09
18001,2.4973824e+09
18029,3.1098102e+09
18030,2.7471754e+09
18031,2.9148232e+09
18032,3.0389338e+09
18205,1.4068166e+09
18206,1.4600339e+09
18207,1.6820302e+09
18208,1.8045523e+09
18209,2.1816742e+09
18239,2.9393485e+09
18240,2.8025577e+09
18241,2.8646623e+09
18242,3.1078733e+09
18416,1.4273388e+09
18417,1.611389e+09
18418,1.7928535e+09
18419,1.9010016e+09
18449,2.739995e+09
18450,3.2770632e+09
18451,3.1187118e+09
18452,3.231514e+09
18453,3.2751043e+09
18626,1.3261751e+09
18627,1.5909774e+09
18628,1.7471716e+09
18660,2.896413e+09
18661,3.2034097e+09
18662,2.970336e+09
18663,2.745625e+09
18837,1.5166975e+09
18838,1.6858702e+09
18871,3.318845e+09
18872,3.349831e+09
18873,4.103008e+09
19081,2.992074e+09
19082,3.3865567e+09
19083,3.6180677e+09
19292,2.743231e+09
19293,3.1963556e+09
